{"cameraMode":{"drawMode":0,"name":"Shaded","section":"Shading Mode"},"sceneLighting":false,"audioPlay":false,"sceneViewState":{"m_AlwaysRefresh":false,"showFog":true,"showSkybox":false,"showFlares":true,"showImageEffects":true,"showParticleSystems":true,"showVisualEffectGraphs":true,"m_FxEnabled":true},"in2DMode":false,"pivot":{"x":-2.0400421619415285,"y":-4.8369269371032719,"z":-13.904645919799805},"rotation":{"x":-0.002427151892334223,"y":0.9712153673171997,"z":-0.2379913330078125,"w":-0.009905913844704628},"size":10.701119422912598,"orthographic":false}